date,last_close,pred_close_return,actual_close_return,pred_high_return,actual_high_return,pred_low_return,actual_low_return,confidence,pred_close,actual_close,pred_high,actual_high,pred_low,actual_low,directional_hit,signal,position_size,gross_ret,sig_change,cost,strategy_ret,bh_ret
2026-01-02,26338.470703125,-3.0845219760741424e-05,0.0003329552178198226,0.005760363105996871,0.004063610908977385,-0.006269275209337065,-0.0031311879894080196,0.6391440794549051,26337.658287208,26347.240234374996,26490.18985803166,26445.5,26173.347581694048,26256.0,0,-1.0,0.0,-0.0003329552178198226,1.0,2.1139018295258902e-05,-2.1139018295258902e-05,0.0003329552178198226
2026-01-05,26347.240234375,0.0008998787427700606,0.01378546599735044,0.006679347060129102,0.01939066940048794,-0.00438223422074981,0.0057356724757774155,0.6536025085460072,26370.94955579257,26710.44921875,26523.22259597699,26858.130859375,26231.780456597608,26498.359374999996,1,1.0,0.0384006271365018,0.01378546599735044,2.0,0.0001623474002602599,0.00036702313940691826,0.01378546599735044
2026-01-06,26710.44921875,-0.001309494076383336,-0.009415790724457525,0.007014494439040103,-0.0035008683253203664,-0.004513060544660165,-0.0148608303018116,0.6695745650518872,26675.472043720507,26458.94921875,26897.80951625918,26616.939453125,26589.90334425071,26313.509765625,1,-1.0,0.0,0.009415790724457525,2.0,4.224631190245507e-05,-4.224631190245507e-05,-0.009415790724457525
2026-01-07,26458.94921875,-0.0007147272416303267,-0.011702606528893298,0.005042622271501831,-0.005792360246732446,-0.007768267704132769,-0.018844640082935078,0.6429861081211893,26440.038286958446,26149.310546875,26592.371705361005,26305.689453125,26253.409018048696,25960.33984375,1,-1.0,0.0,0.011702606528893298,0.0,0.0,0.0,-0.011702606528893298
2026-01-08,26149.310546875,0.0001438357067849602,0.0031541372946391768,0.005148540898892414,0.005736662362707191,-0.006452516199324594,-0.0013346581571410038,0.6291945926249798,26153.07175143945,26231.789062499996,26283.941341703427,26299.320312499996,25980.58169697012,26114.41015625,1,1.0,0.03229864815624495,0.0031541372946391768,2.0,0.00013660556770939283,-3.4731196993351756e-05,0.0031541372946391768
2026-01-09,26231.7890625,0.0027172276769262737,0.014360111136624843,0.008205226514163926,0.014360111136624843,-0.00273974638470957,-0.001678470986866186,0.6267537365810015,26303.066805755916,26608.480468750004,26447.026833629578,26608.480468750004,26159.920613251554,26187.759765625,1,1.0,0.03168843414525038,0.014360111136624843,0.0,0.0,0.000455049436071413,0.014360111136624843
2026-01-12,26608.48046875,-0.0012619738695506795,0.009019313773172938,0.0055378571127865156,0.020113124765938257,-0.006908753395612729,0.00454962446623646,0.6159451879064087,26574.90126168999,26848.470703125,26755.834431574305,27143.66015625,26424.64903895943,26729.5390625,0,-1.0,0.0,-0.009019313773172938,2.0,4.2254920196230906e-05,-4.2254920196230906e-05,0.009019313773172938
2026-01-13,26848.470703125,-0.0008130629611571875,0.005636814305866031,0.004783011100128241,0.009283582769240887,-0.007913391393836225,-0.002540225572962031,0.6264497871036864,26826.641206032575,26999.810546875,26976.887236519513,27097.720703124996,26636.008246125228,26780.26953125,0,-1.0,0.0,-0.005636814305866031,0.0,0.0,-0.0,0.005636814305866031
2026-01-14,26999.810546875,-0.0017600811850362864,-0.0028219237360100112,0.004274371923303894,0.007667805539434124,-0.00812704350669231,-0.007091195590709802,0.6405183394424828,26952.288688331904,26923.619140625,27115.217779011084,27206.83984375,26780.381911888097,26808.349609375,1,-1.0,0.0,0.0028219237360100112,0.0,0.0,0.0,-0.0028219237360100112
2026-01-15,26923.619140625,0.000989298006206696,-0.0029215315635747045,0.006935222757185271,0.009385491784375838,-0.004769173979912526,-0.006762838130118239,0.6317552714214193,26950.254623360688,26844.9609375,27110.340436794853,27176.310546875,26795.215716774455,26741.5390625,0,1.0,0.032938817855354824,-0.0029215315635747045,2.0,0.00013909577442362977,-0.00023532757045488693,-0.0029215315635747045
2026-01-16,26844.9609375,-0.00015333004799014362,-0.010469769262445961,0.005105855769206479,-0.004819558489066995,-0.006876938186296325,-0.011595882607158292,0.6177593769685346,26840.84479835116,26563.900390625,26982.027436176857,26715.580078125,26660.349800519274,26533.669921875,1,-1.0,0.0,0.010469769262445961,2.0,4.223505633476953e-05,-4.223505633476953e-05,-0.010469769262445961
2026-01-19,26563.900390625,-0.00010719480244913466,-0.002875730742724814,0.004820963912774571,0.002810219490634207,-0.006653962953162542,-0.00753055886685974,0.59358672021661,26561.05287857035,26487.509765625,26691.963995790742,26638.550781250004,26387.14518153428,26363.859375,1,-1.0,0.0,0.002875730742724814,0.0,0.0,0.0,-0.002875730742724814
2026-01-20,26487.509765625,-0.009724147193702931,0.00368289741516583,-0.0014489381364092258,0.007749672697295047,-0.015684389314953202,-0.0034155986699214436,0.7273675313602723,26229.941321869417,26585.060546875004,26449.131002587073,26692.779296875,26072.06935047731,26397.0390625,0,-1.0,0.0,-0.00368289741516583,0.0,0.0,-0.0,0.00368289741516583
2026-01-21,26585.060546875,0.003022963840715672,0.0016889331715393785,0.009657491080015979,0.007303355804198948,-0.002637848470734086,-0.0032318873874108834,0.641702620610266,26665.42622361144,26629.960937499996,26841.80553196813,26779.220703125004,26514.933185567053,26499.140625,1,1.0,0.03542565515256649,0.0016889331715393785,2.0,0.00014969786028785185,-8.98662961771674e-05,0.0016889331715393785
2026-01-22,26629.9609375,0.0028315360378025206,0.004489260363752646,0.008077276919500392,0.009987942387495287,-0.003006954452546369,0.0022444468240219325,0.6213535258042968,26705.364631579807,26749.509765625004,26845.058506347665,26895.939453125,26549.885857887846,26689.73046875,1,1.0,0.030338381451074203,0.004489260363752646,0.0,0.0,0.0001361968933487159,0.004489260363752646
2026-01-23,26749.509765625,-0.00032598747012362,0.0005985068797624722,0.004739620164923701,0.006053557202311462,-0.006275658917848046,-0.004847927630683068,0.6077853114884246,26740.78976060946,26765.51953125,26876.29228151198,26911.439453125,26581.63896611629,26619.830078125,0,-1.0,0.0,-0.0005985068797624722,2.0,4.224303176116911e-05,-4.224303176116911e-05,0.0005985068797624722
2026-01-26,26765.51953125,0.0005562872972263781,0.013503555837128955,0.006975668000816095,0.01581814464242635,-0.005084649562403947,0.0023982873254170733,0.6197915884226959,26780.4088497689,27126.949218750004,26952.22690936936,27188.900390625,26629.426244077917,26829.7109375,1,1.0,0.02994789710567397,0.013503555837128955,2.0,0.00012650497885116301,0.00027789812191989806,0.013503555837128955
2026-01-27,27126.94921875,-0.000454840642725366,0.025803157290396325,0.005889362367110244,0.025803157290396325,-0.0056775421601377475,0.004834690018675213,0.6246933390703439,27114.610779732164,27826.91015625,27286.70965261342,27826.91015625,26972.93482088463,27258.099609375004,0,-1.0,0.0,-0.025803157290396325,2.0,4.221182262392147e-05,-4.221182262392147e-05,0.025803157290396325
2026-01-28,27826.91015625,-0.0017812053517900174,0.005073494926575261,0.008860715988683928,0.008236252312530768,-0.006888824345836586,-0.007726684867910432,0.6274730285300886,27777.344714955907,27968.089843749996,28073.476503987156,28056.099609375,27635.215460096217,27611.900390625,0,-1.0,0.0,-0.005073494926575261,0.0,0.0,-0.0,0.005073494926575261
2026-01-29,27968.08984375,-0.0019883974947418454,-0.02077297634539139,0.004884805573227186,-0.0028907805226128943,-0.008282955096467454,-0.02088345381336515,0.6695366891737577,27912.478163971973,27387.109375,28104.708524891266,27887.240234375,27736.43141144025,27384.01953125,1,-1.0,0.0,0.02077297634539139,0.0,0.0,0.0,-0.02077297634539139
2026-01-30,27387.109375,0.00016817659764101778,-0.022329449016559456,0.005695970160059037,-0.010480095848012438,-0.00811264263724709,-0.03211329178017715,0.6195849204852467,27391.71524587391,26775.5703125,27543.10553277027,27100.08984375,27164.927543773425,26507.619140625,0,1.0,0.02989623012131168,-0.022329449016559456,2.0,0.00012613462159724551,-0.0007937009678784038,-0.022329449016559456
2026-02-02,26775.5703125,0.002204030083544008,0.0022109414686253474,0.01030610009512433,0.013105609036688936,-0.0048798773412643374,-0.012838924707777874,0.6117364737422664,26834.5844749728,26834.76953125,27051.522020244665,27126.48046875,26644.9088136326,26431.80078125,1,1.0,0.02793411843556659,0.0022109414686253474,0.0,0.0,6.176070083868599e-05,0.0022109414686253474
2026-02-03,26834.76953125,-0.0029623793042480857,0.0004677059452805879,0.004183549255814038,0.006314612528259963,-0.01159025374046335,-0.009002866354736546,0.6663528772772324,26755.27476535636,26847.320312500004,26947.0341113524,27004.220703125004,26523.74774331596,26593.1796875,0,-1.0,0.0,-0.0004677059452805879,2.0,4.223590517258321e-05,-4.223590517258321e-05,0.0004677059452805879
2026-02-04,26847.3203125,-0.001790806196304559,0.0014124285565045628,0.0043122351571047365,0.002684450874839988,-0.009579544742705627,-0.016260497366910164,0.6056328069760564,26799.241964930203,26885.240234374996,26963.092271025616,26919.390625,26590.135206344657,26410.76953125,0,-1.0,0.0,-0.0014124285565045628,0.0,0.0,-0.0,0.0014124285565045628
2026-02-05,26885.240234375,-0.009025908262036529,-0.012099241546262568,-0.0005502480032705177,-0.006505442729924928,-0.017728071916702132,-0.021952972424823886,0.7485626322977602,26642.57652241672,26559.94921875,26870.446684618586,26710.33984375,26408.616762002188,26295.029296875,1,-1.0,0.0,0.012099241546262568,0.0,0.0,0.0,-0.012099241546262568
2026-02-06,26559.94921875,0.003333883897203254,0.017590806881896157,0.012022019205771726,0.020767729606975493,-0.001637225141818681,0.012016227440664523,0.6710125419576518,26648.497005760928,27027.16015625,26879.25343836213,27111.5390625,26516.464602123637,26879.099609375,1,1.0,0.04275313548941295,0.017590806881896157,2.0,0.00018067064825988028,0.0005713915017299239,0.017590806881896157
2026-02-09,27027.16015625,0.00213817269872635,0.005771610242185487,0.007908565158433144,0.01370807114891516,-0.004839566520004484,0.002873411627452882,0.637994502929197,27084.9488922202,27183.150390625,27240.90621339311,27397.650390625004,26896.360416827014,27104.8203125,1,1.0,0.034498625732299254,0.005771610242185487,0.0,0.0,0.00019911262161786218,0.005771610242185487
2026-02-10,27183.150390625,-0.0012909778602915205,0.003061840425188714,0.004709389411039645,0.005254360737166786,-0.009182186306281601,-0.001816598100859958,0.618634843735201,27148.05754529773,27266.380859375,27311.16643123331,27325.980468750004,26933.54963934661,27133.76953125,0,-1.0,0.0,-0.003061840425188714,2.0,4.220724967995957e-05,-4.220724967995957e-05,0.003061840425188714
2026-02-11,27266.380859375,-0.001646933729222901,-0.008576194914940395,0.004680342717330101,-0.00186126645342998,-0.008458011360633915,-0.012242927076448525,0.6153577075098886,27221.47493706386,27032.5390625,27393.996866458125,27215.630859375,27035.761500303033,26932.560546875,1,-1.0,0.0,0.008576194914940395,0.0,0.0,0.0,-0.008576194914940395
2026-02-12,27032.5390625,-0.006803906757025257,-0.01721702577767245,-0.0013626042312699105,-0.00954773833039754,-0.016795116087004486,-0.021754453906099855,0.7524829118796715,26848.61218731311,26567.119140625,26995.70441039147,26774.439453125,26578.52443081883,26444.4609375,1,-1.0,0.0,0.01721702577767245,0.0,0.0,0.0,-0.01721702577767245
2026-02-13,26567.119140625,-0.00015971895485712598,0.005225267811884184,0.0054633308076515305,0.006296919690068602,-0.006972188936833639,-0.006952540973573345,0.6054963043604884,26562.875868122293,26705.939453125004,26712.264101096524,26734.41015625,26381.888166469194,26382.41015625,0,-1.0,0.0,-0.005225267811884184,0.0,0.0,-0.0,0.005225267811884184
2026-02-16,26705.939453125,-0.0015368033837387088,-0.010955983939960688,0.004332817254916511,-0.0004343456778728924,-0.008503857296180799,-0.013067449517645192,0.615558667196621,26664.897675007516,26413.349609375,26821.651408396254,26694.33984375,26478.835955055183,26356.9609375,1,-1.0,0.0,0.010955983939960688,0.0,0.0,0.0,-0.010955983939960688
2026-02-20,26413.349609375,0.00437592898446205,0.025311463966603654,0.009022447338213545,0.028127053118484787,-0.002940778729125861,0.014599477137618696,0.6736647110927679,26528.932551507394,27081.91015625,26651.662665251406,27156.279296875,26335.673792678783,26798.970703125004,1,1.0,0.04341617777319198,0.025311463966603654,2.0,0.00018352703716998354,0.0009153999821038238,0.025311463966603654
2026-02-23,27081.91015625,-0.007846446411256564,-0.01815196346615714,-0.002374593474778198,-0.006211912962541734,-0.015355033419561268,-0.022193810472829173,0.7552858177079405,26869.41339949452,26590.3203125,27017.601629108438,26913.6796875,26666.066520735225,26480.859375,1,-1.0,0.0,0.01815196346615714,2.0,4.221550103570346e-05,-4.221550103570346e-05,-0.01815196346615714
2026-02-24,26590.3203125,0.005125311729518359,0.006596400064520659,0.010994511916232635,0.010519203269751887,-0.0030226282884887367,0.0015873815688921104,0.6599590632219626,26726.60399308931,26765.720703125,26882.667906032224,26870.029296875,26509.94765812346,26632.529296875,1,1.0,0.03998976580549066,0.006596400064520659,2.0,0.00016898259479334238,9.480589894616224e-05,0.006596400064520659
2026-02-25,26765.720703125,0.0038343242426938074,-0.014372905409196945,0.010225858915073792,0.009652256789216091,-0.003247247220149925,-0.014672160030951436,0.6451484004978986,26868.349154890162,26381.01953125,27039.42318679543,27024.0703125,26678.80579097647,26373.009765625,0,1.0,0.03628710012447464,-0.014372905409196945,0.0,0.0,-0.0005215510576631327,-0.014372905409196945
2026-02-26,26381.01953125,-0.0003724823583856614,0.009458297506448839,0.0069802067203355005,0.01214814569127514,-0.009658546482695032,-0.00020167198214980853,0.6202371418654787,26371.193066878383,26630.5390625,26565.164501071333,26701.5,26126.217227846537,26375.69921875,0,-1.0,0.0,-0.009458297506448839,2.0,4.227436244186568e-05,-4.227436244186568e-05,0.009458297506448839
2026-02-27,26630.5390625,-0.002428969813913121,-0.02142988738551751,0.0033136508778898854,-0.008512386947668458,-0.00998827598238758,-0.02807265155224456,0.6425973242915864,26565.854286988953,26059.849609375,26718.783371643134,26403.849609375,26364.545888783996,25882.94921875,1,-1.0,0.0,0.02142988738551751,0.0,0.0,0.0,-0.02142988738551751
2026-03-02,26059.849609375,-0.0010846192212224976,-0.0111961325803291,0.007088388851032818,0.006104412746410138,-0.00938741194551667,-0.012772506916358325,0.6610866942642981,26031.584595586504,25768.080078125,26244.57195680569,26218.929687499996,25815.215065853587,25727.0,1,-1.0,0.0,0.0111961325803291,0.0,0.0,0.0,-0.0111961325803291
2026-03-03,25768.080078125,-0.0035831659958340256,-0.020125659645681124,0.0026637895442704683,-0.011565832455170092,-0.014568276825907996,-0.03142067193870323,0.7110538756933241,25675.748769811133,25249.48046875,25836.720820413033,25470.05078125,25392.68355427471,24958.4296875,1,-1.0,0.0,0.020125659645681124,0.0,0.0,0.0,-0.020125659645681124
2026-03-04,25249.48046875,0.002835675266250815,0.0028459743989163143,0.014882215612788545,0.019292244100938338,-0.003299108928706473,-0.0005069720648645772,0.6508173180075071,25321.07979600092,25321.339843749996,25625.24868119683,25736.599609375004,25166.17968229035,25236.6796875,1,1.0,0.03770432950187677,0.0028459743989163143,2.0,0.0001597769469904182,-5.2471390499771794e-05,0.0028459743989163143
2026-03-05,25321.33984375,-0.0001553670608282731,0.01721667263423283,0.006551293243481986,0.019168845818196514,-0.011440773953708882,-0.002121095672915462,0.6684549775744042,25317.40574160224,25757.2890625,25487.227366384268,25806.720703125,25031.644118392614,25267.630859375,0,-1.0,0.0,-0.01721667263423283,2.0,4.236954285872079e-05,-4.236954285872079e-05,0.01721667263423283
2026-03-06,25757.2890625,-0.012648213870699622,-0.013542889709921312,-0.0005723488519676706,-0.012216732945437472,-0.02603009009521333,-0.03305041382399946,0.7331417632000902,25431.50536170807,25408.4609375,25742.546907675278,25442.619140625,25086.824507594672,24906.0,1,-1.0,0.0,0.013542889709921312,0.0,0.0,0.0,-0.013542889709921312
2026-03-09,25408.4609375,0.0035615955185177377,0.021702985256818057,0.01611718370374908,0.021702985256818057,-0.005476916000030281,0.008002378636791447,0.6559480603696642,25498.955598107434,25959.900390625,25817.97377005922,25959.900390625,25269.30093125526,25611.789062500004,1,1.0,0.03898701509241606,0.021702985256818057,2.0,0.00016515452474898657,0.0006809800890090622,0.021702985256818057
2026-03-10,25959.900390625,-0.001412762746070369,-0.0023551948998263472,0.005530964062620746,0.007308973898972341,-0.008561843707193838,-0.005423779719156701,0.6627151733481448,25923.225210461427,25898.759765625,26103.48366675476,26149.640625000004,25737.63578082615,25819.099609375,1,-1.0,0.0,0.0023551948998263472,2.0,4.231125694232895e-05,-4.231125694232895e-05,-0.0023551948998263472
2026-03-11,25898.759765625,0.0004048563264097378,-0.007027363535823272,0.006494500662986406,0.0013058661034760879,-0.007250899496128739,-0.014580210728901186,0.6326086358139377,25909.245042362276,25716.759765625,26066.959278093378,25932.580078125004,25710.97046149007,25521.150390625,0,1.0,0.03315215895348442,-0.007027363535823272,2.0,0.00014028904041713108,-0.00037326131338066447,-0.007027363535823272
2026-03-12,25716.759765625,-0.0075699167873155655,-0.009766399754051441,-4.618928798026615e-05,-0.0007617539662280974,-0.01837277577124076,-0.011544635782492586,0.7645986259683857,25522.086034159835,25465.599609375,25715.571926802266,25697.169921875,25244.271504888307,25419.869140625,1,-1.0,0.0,0.009766399754051441,2.0,4.2333108857679675e-05,-4.2333108857679675e-05,-0.009766399754051441
2026-03-13,25465.599609375,-0.0010521163959786631,0.01446735704347478,0.005756105945257773,0.015359185150739888,-0.010281322216238677,-0.005803478605137276,0.6196521439564706,25438.80683449255,25834.01953125,25612.18229868608,25856.730468750004,25203.779574361295,25317.810546875,0,-1.0,0.0,-0.01446735704347478,0.0,0.0,-0.0,0.01446735704347478
2026-03-16,25834.01953125,0.0033598148476879897,0.0013362044264247617,0.012029179848853287,0.01610748545136931,-0.004760437198753044,0.0004230734395311173,0.655216709645618,25920.81705364655,25868.539062499996,26144.781598410194,26250.140625000004,25711.038303680125,25844.94921875,1,1.0,0.03880417741140449,0.0013362044264247617,2.0,0.0001642290533959504,-0.00011237873977505996,0.0013362044264247617
2026-03-17,25868.5390625,0.0012879219929237465,0.006064542686232341,0.00842096161402962,0.009641447305833915,-0.0057523563194614115,-0.0029657163790596263,0.6421147413371965,25901.855722883403,26025.419921874996,26086.37703695634,26117.94921875,25719.734008348594,25791.8203125,1,1.0,0.03552868533429912,0.006064542686232341,0.0,0.0,0.00021546522879557396,0.006064542686232341
2026-03-18,26025.419921875,-0.008264639928719801,-0.020166431332347468,-0.0007254770070397832,-0.011050344033383827,-0.017560581897584308,-0.022146016345947827,0.7667484290692951,25810.329197226973,25500.580078125,26006.539078123125,25737.830078125,25568.39840391789,25449.060546875,1,-1.0,0.0,0.020166431332347468,2.0,4.230543830532273e-05,-4.230543830532273e-05,-0.020166431332347468
2026-03-19,25500.580078125,0.00018530558362133112,-0.008755085764363357,0.0070344469484969075,0.0024823271100527203,-0.007635185242181229,-0.014867079080691868,0.6112090535068436,25505.30547799906,25277.3203125,25679.962555840466,25563.880859375,25305.87842544544,25121.4609375,0,1.0,0.027802263376710906,-0.008755085764363357,2.0,0.00011775061372818785,-0.0003611618140347102,-0.008755085764363357
2026-03-20,25277.3203125,-0.0014649615607568354,-0.03540128456308258,0.00334541399348053,-0.019312952538667168,-0.014529078743686561,-0.04248002702521436,0.6805439134336629,25240.29000988325,24382.470703125,25361.883413591127,24789.140625,24910.0641352503,24203.5390625,1,-1.0,0.0,0.03540128456308258,2.0,4.2373669331172304e-05,-4.2373669331172304e-05,-0.03540128456308258
2026-03-23,24382.470703125,0.0026910466189097497,0.02793975404173,0.015117907092059336,0.028488464072509826,-0.005489689880593835,0.007096462822892823,0.6189292963862102,24448.08506847131,25063.710937500004,24751.0826298897,25077.08984375,24248.61850044218,24555.5,1,1.0,0.029732324096552548,0.02793975404173,2.0,0.00012624577988582748,0.0007044680424608528,0.02793975404173
2026-03-24,25063.7109375,-0.0017959353409603286,0.01086185050285912,0.007352163059054322,0.013030386624087677,-0.012407884845574133,-0.0019355361570747049,0.6282291795837774,25018.698133251728,25335.949218749996,25247.983427177503,25390.30078125,24752.723298384743,25015.19921875,0,-1.0,0.0,-0.01086185050285912,2.0,4.2393899297259645e-05,-4.2393899297259645e-05,0.01086185050285912
2026-03-25,25335.94921875,0.0025712344083138132,-0.018926448230134955,0.010464304041665285,-0.002286076648438183,-0.004657592455607357,-0.02142606162840196,0.6320298115956822,25401.09388314854,24856.4296875,25601.07229455919,25278.029296875,25217.9446928131,24793.099609375,0,1.0,0.03300745289892054,-0.018926448230134955,2.0,0.00013984655908296238,-0.000764560407583,-0.018926448230134955
2026-03-26,24856.4296875,-0.0034773558707487896,0.003840099848410701,0.005083836507168696,0.009620875886300798,-0.015085660226067853,-0.005773547023013097,0.6616704555008072,24769.995035800315,24951.880859375,24982.795712183182,25095.5703125,24481.45403480123,24712.919921875,0,-1.0,0.0,-0.003840099848410701,2.0,4.241386235892813e-05,-4.241386235892813e-05,0.003840099848410701
2026-03-27,24951.880859375,-0.00897238049578123,-0.008059183915165464,-0.0014805858401897988,-0.005611660506241584,-0.02352048581239838,-0.02173425522233693,0.7490264452413948,24728.00309021929,24750.7890625,24914.937457888507,24811.859375,24365.000499629416,24409.5703125,1,-1.0,0.0,0.008059183915165464,0.0,0.0,0.0,-0.008059183915165464
2026-03-30,24750.7890625,-0.0012595116216492824,0.0015091059281253975,0.005482696991196632,0.00960535980386989,-0.012536667960897413,-0.007725763793515421,0.6184825527099428,24719.61515603079,24788.140625,24886.490139222708,24988.529296875,24440.496638253226,24559.5703125,0,-1.0,0.0,-0.0015091059281253975,0.0,0.0,-0.0,0.0015091059281253975
2026-03-31,24788.140625,0.004281204147753204,0.020408496124343735,0.012432550335955004,0.025884117341899257,-0.0017483711709611477,0.01676401769747504,0.6525585168334304,24894.263715458837,25294.029296875004,25096.320431055043,25429.759765625,24744.80175454952,25203.689453125,1,1.0,0.03813962920835759,0.020408496124343735,2.0,0.00016179026110630865,0.0006165822137763643,0.020408496124343735
2026-04-01,25294.029296875,0.0012098332846996003,-0.0070174663718733645,0.009058000259319908,-0.001563177698417742,-0.005201750612065263,-0.015507998390492198,0.6253057023465024,25324.63085542253,25116.529296875,25523.142620805338,25254.490234375,25162.456064498383,24901.76953125,0,1.0,0.0313264255866256,-0.0070174663718733645,0.0,0.0,-0.00021983213810513848,-0.0070174663718733645
2026-04-02,25116.529296875,-7.889907965909588e-05,0.030915506883811807,0.00717753853644014,0.03255427455602841,-0.007326244265378996,0.021983157723495555,0.6209224690085551,25114.547625829247,25893.01953125,25296.804153804947,25934.179687499996,24932.519468147548,25668.669921874996,0,-1.0,0.0,-0.030915506883811807,2.0,4.2388865089232896e-05,-4.2388865089232896e-05,0.030915506883811807
2026-04-08,25893.01953125,0.0009443022321480933,-0.005430774130274312,0.010247383439292945,-0.001476025225790071,-0.0025071427102870652,-0.00924529762108604,0.6406643095652799,25917.47036739041,25752.400390625,26158.35523078782,25854.80078125,25828.102036084907,25653.630859375,0,1.0,0.035166077391319966,-0.005430774130274312,2.0,0.00014881308742771768,-0.00033979211078772253,-0.005430774130274312
2026-04-09,25752.400390625,0.0020262950500575757,0.00548060257428976,0.010284383461770933,0.012487003449086853,-0.0035518222296827785,0.0035433590118154187,0.6701028393780872,25804.582352063626,25893.5390625,26017.24795130325,26073.970703125004,25660.93244244989,25843.650390625,1,1.0,0.04252570984452181,0.00548060257428976,0.0,0.0,0.00023306651484738563,0.00548060257428976
2026-04-10,25893.5390625,-0.0013292374780588634,-0.008986390487733276,0.006056277457772414,-0.006803172123354855,-0.008641683461546822,-0.014868951080641799,0.6635861508829645,25859.120399938543,25660.849609375,26050.35751942617,25717.380859375,25669.775294222676,25508.529296875,1,-1.0,0.0,0.008986390487733276,2.0,4.231718035356914e-05,-4.231718035356914e-05,-0.008986390487733276
2026-04-13,25660.849609375,0.0018210013601138936,0.008240986029072894,0.009767330390003527,0.013025298829267439,-0.006268840470615085,0.0002992764314862858,0.689369466974609,25707.57805141535,25872.3203125,25911.487605597955,25995.08984375,25499.985836833384,25668.529296874996,1,1.0,0.04734236674365225,0.008240986029072894,2.0,0.00020043902253438032,0.00018970876038330303,0.008240986029072894
2026-04-14,25872.3203125,0.002980970672496968,0.00289885093776318,0.011303254486717276,0.013306103258882184,-0.0035616217782323246,0.00289885093776318,0.6797102424511681,25949.444940581012,25947.3203125,26164.761733154053,26216.580078125,25780.172893021598,25947.3203125,1,1.0,0.04492756061279202,0.00289885093776318,0.0,0.0,0.00013023830121380425,0.00289885093776318
2026-04-15,25947.3203125,0.0009206228474229733,0.017224879014180475,0.00908333049799247,0.01756443418862196,-0.0058380518828592375,0.006762951496978403,0.6606746037092345,25971.208008409092,26394.259765625,26183.00839843571,26403.070312499996,25795.838510294456,26122.800781250004,1,1.0,0.04016865092730862,0.017224879014180475,0.0,0.0,0.0006919001523857393,0.017224879014180475
2026-04-16,26394.259765625,-0.0019225220248871334,-0.008862900099386844,0.006256902323895409,-0.004292555621224756,-0.007536447314212756,-0.014352374943030715,0.6671285851821277,26343.51621989499,26160.330078125,26559.40607089004,26280.9609375,26195.340817503722,26015.439453125,1,-1.0,0.0,0.008862900099386844,2.0,4.227322154638116e-05,-4.227322154638116e-05,-0.008862900099386844
2026-04-17,26160.330078125,0.0021962157768087515,0.007673459538756238,0.010261865896212871,0.009608417563897029,-0.004814479363624929,-0.00251103303852916,0.675565976023253,26217.7838077691,26361.0703125,26428.78387718738,26411.689453125,26034.38170881825,26094.640625,1,1.0,0.04389149400581324,0.007673459538756238,2.0,0.00018563270542798206,0.0001511668979211878,0.007673459538756238
2026-04-20,26361.0703125,-0.001378510623355151,0.004795334739881875,0.004549974027429449,0.006388963721064769,-0.008735918984751817,-0.0007226861817126759,0.6551797046709518,26324.731297031205,26487.48046875,26481.012497757118,26529.490234375,26130.782137898655,26342.01953125,0,-1.0,0.0,-0.004795334739881875,2.0,4.227608360695237e-05,-4.227608360695237e-05,0.004795334739881875
2026-04-21,26487.48046875,-0.0033539536830427684,-0.012241263745622748,0.003392980024064728,-0.006942180083603766,-0.011310089105792355,-0.01563120548549248,0.6707427465931244,26398.64268607731,26163.240234375,26577.35196086827,26303.599609375,26187.904704460503,26073.44921875,1,-1.0,0.0,0.012241263745622748,0.0,0.0,0.0,-0.012241263745622748
2026-04-22,26163.240234375,0.0021457510554195426,-0.009480515922454715,0.009723224936523115,-0.0018411298235037096,-0.004778877437440942,-0.012333696064947995,0.6542473454518872,26219.380034721104,25915.19921875,26417.63130424212,26115.0703125,26038.209315928598,25840.55078125,0,1.0,0.03856183636297181,-0.009480515922454715,2.0,0.00016309070797522793,-0.0005286768116134754,-0.009480515922454715
2026-04-23,25915.19921875,2.1151458738367657e-05,0.0024260316588464387,0.00500965316993252,0.0034493512569768194,-0.009202706968140692,-0.01064778436761366,0.6192968049418733,25915.74736301697,25978.0703125,26045.025378665647,26004.58984375,25676.709234318852,25639.259765625,1,1.0,0.029824201235468334,0.0024260316588464387,0.0,0.0,7.235445639705325e-05,0.0024260316588464387
2026-04-24,25978.0703125,0.0001236958200244282,-0.0020178527983187745,0.007833019649617105,0.0041553978972047635,-0.006339685328077903,-0.004612739771796705,0.6233700513900424,25981.283691209956,25925.650390625,26181.557047716946,26086.019531250004,25813.37752128807,25858.240234375,0,1.0,0.030842512847510606,-0.0020178527983187745,0.0,0.0,-6.223565085653203e-05,-0.0020178527983187745
2026-04-27,25925.650390625,-0.00014751132550358176,-0.009483700121132147,0.006506622859174746,-0.0011182066385298163,-0.007082488637403773,-0.012190283015591536,0.6220142080362393,25921.826063571334,25679.779296875,26094.338820095614,25896.66015625,25742.032266316095,25609.609375,1,-1.0,0.0,0.009483700121132147,2.0,4.23143103102901e-05,-4.23143103102901e-05,-0.009483700121132147
2026-04-28,25679.779296875,-0.0005669313727964659,0.0168249322503943,0.004891195267468567,0.017646575190977034,-0.009078294680798737,0.005127833814406049,0.6219100037452174,25665.22062434511,26111.839843750004,25805.384111841515,26132.939453125004,25446.650693080093,25811.4609375,0,-1.0,0.0,-0.0168249322503943,0.0,0.0,-0.0,0.0168249322503943
2026-04-29,26111.83984375,-0.0017646550912633592,-0.012841322131318842,0.003985863783470547,-0.0015165384596397319,-0.008844653653540167,-0.01446392478507789,0.6282585422300845,26065.761452627474,25776.529296875,26215.91808050299,26072.240234375,25880.889664075323,25734.16015625,1,-1.0,0.0,0.012841322131318842,0.0,0.0,0.0,-0.012841322131318842
2026-04-30,25776.529296875,0.003689732513097784,0.012389238241578022,0.010144454963930679,0.021333754824652364,-0.0031572159253094485,0.012233224826091262,0.656234399204188,25871.637795096496,26095.880859375,26038.01813745359,26326.439453125,25695.1472280797,26091.859375,1,1.0,0.039058599801047006,0.012389238241578022,2.0,0.0001653260653516043,0.00031858023296601904,0.012389238241578022
2026-05-04,26095.880859375,-0.0026777352679557415,-0.007559487469997772,0.0018523333286650135,-0.005753048160513239,-0.009625200255523327,-0.015539674117929442,0.6388714345835264,26026.00299884948,25898.609375,26144.219129231693,25945.75,25844.702780259235,25690.359375,1,-1.0,0.0,0.007559487469997772,2.0,4.229921343998032e-05,-4.229921343998032e-05,-0.007559487469997772
2026-05-05,25898.609375,0.0025647602948973575,0.01216937625149999,0.00924144604649038,0.01216937625149999,-0.0032777667977786917,-0.0008027096049437983,0.6253096194808746,25965.033100018056,26213.779296875,26137.949976218195,26213.779296875,25813.719773081986,25877.8203125,1,1.0,0.03132740487021865,0.01216937625149999,2.0,0.00013256732303165887,0.0002486676538171051,0.01216937625149999
2026-05-06,26213.779296875,-0.0002433336764166797,0.015735998816819786,0.008296604249939277,0.017375612405659446,-0.005990828642008848,0.011635474693317528,0.6286204500104848,26207.400601585916,26626.279296875,26431.26464959642,26669.259765625,26056.737037047984,26518.789062500004,0,-1.0,0.0,-0.015735998816819786,2.0,4.228887255517379e-05,-4.228887255517379e-05,0.015735998816819786
2026-05-07,26626.279296875,-0.0021981811806427143,-0.008734542170985769,0.004466896369256213,-0.005850951263712021,-0.009012821786276378,-0.01320043674544687,0.6403940564913807,26567.749910814073,26393.7109375,26745.216127193013,26470.490234375,26386.301386740644,26274.80078125,1,-1.0,0.0,0.008734542170985769,0.0,0.0,0.0,-0.008734542170985769
2026-05-08,26393.7109375,0.00041621316612390247,0.0004974255526662809,0.007491915211580973,0.0012665777684373793,-0.005903311880309355,-0.006609573480898474,0.6313930747673564,26404.696347495053,26406.839843749996,26591.450381962724,26427.140624999996,26237.900630157204,26219.259765625,1,1.0,0.0328482686918391,0.0004974255526662809,2.0,0.00013886036925344594,-0.00012252080104527738,0.0004974255526662809
2026-05-11,26406.83984375,-0.002167722248363344,-0.0022316069567085116,0.004657995823146451,0.0070258046011102415,-0.007949835459675796,-0.002953780174436932,0.6318883107256785,26349.597149511734,26347.91015625,26529.842793444688,26592.369140625,26196.90981198218,26328.83984375,1,-1.0,0.0,0.0022316069567085116,2.0,4.227213859572072e-05,-4.227213859572072e-05,-0.0022316069567085116
2026-05-12,26347.91015625,-0.0003551184766052162,0.0015382357323465378,0.004854795453118597,0.004212487203607378,-0.007969605564319039,-0.004850138582800907,0.5999102643003357,26338.553526533582,26388.439453125,26475.82387067574,26458.900390625,26137.927704860573,26220.119140625,0,-1.0,0.0,-0.0015382357323465378,0.0,0.0,-0.0,0.0015382357323465378
2026-05-13,26388.439453125,-0.00010997063043025698,2.2722426465009943e-05,0.006896442715703358,0.01729398697242615,-0.005195565342617554,-0.0008177853094849995,0.6142141963277586,26385.537499802267,26389.0390625,26570.425814170285,26844.800781250004,26251.33659165658,26366.859375,0,-1.0,0.0,-2.2722426465009943e-05,0.0,0.0,-0.0,2.2722426465009943e-05
2026-05-14,26389.0390625,0.0015003755060442258,-0.016154760040345825,0.00885570127476786,7.504891501768756e-05,-0.004598461930280526,-0.020534611760268603,0.6139202597197846,26428.63253033742,25962.73046875,26622.73250936568,26391.01953125,26267.690070994406,25847.150390625,0,1.0,0.028480064929946147,-0.016154760040345825,2.0,0.00012039569026407089,-0.0005804843051408194,-0.016154760040345825
2026-05-15,25962.73046875,-0.0032209285532235894,-0.011075521567198413,0.003651193396216762,-0.0047672000985788075,-0.009447458844883998,-0.01760290705170979,0.6638889048645357,25879.106368863555,25675.1796875,26057.52541878525,25838.9609375,25717.44864114567,25505.7109375,1,-1.0,0.0,0.011075521567198413,2.0,4.231100500281428e-05,-4.231100500281428e-05,-0.011075521567198413
2026-05-18,25675.1796875,0.00046689714108176614,0.004777762935568549,0.0055317248056646826,0.00663213469477301,-0.00601740266690156,-0.00015815067019674583,0.632460026335666,25687.167355492853,25797.849609375,25817.207715867244,25845.460937500004,25520.68179277526,25671.119140625,1,1.0,0.0331150065839165,0.004777762935568549,2.0,0.00014019862999576938,1.8017021071975355e-05,0.004777762935568549
2026-05-19,25797.849609375,-0.0038346401860846037,-0.005687701532172581,0.004103168652695512,-0.003268501591286035,-0.008121645884678117,-0.009411213189326055,0.6338098682732999,25698.924138548326,25651.119140625,25903.70253719914,25713.529296875,25588.328610261473,25555.060546875,1,-1.0,0.0,0.005687701532172581,2.0,4.232577524516601e-05,-4.232577524516601e-05,-0.005687701532172581
2026-05-20,25651.119140625,0.0024899978688351703,-0.010315324174528509,0.00956561775995036,0.007118277993018244,-0.00442335885884678,-0.012061410271375068,0.6628368735857345,25714.99037261839,25386.51953125,25896.487941439165,25833.710937500004,25537.655035534983,25341.73046875,0,1.0,0.04070921839643363,-0.010315324174528509,2.0,0.00017235908230651357,-0.0005922878669574061,-0.010315324174528509
2026-05-21,25386.51953125,0.0026588526603663854,0.008646705798122127,0.009819000354002719,0.013622971960543158,-0.005741429903954807,0.0038099237276673506,0.6425566527600175,25454.018546243107,25606.029296875,25635.789775514237,25732.359375,25240.76460885595,25483.240234375,1,1.0,0.035639163190004375,0.008646705798122127,0.0,0.0,0.0003081613589952315,0.008646705798122127
2026-05-22,25606.029296875,-2.179216214615486e-05,-0.00025697377944510294,0.006548736670817029,0.0063403646312243205,-0.006652170430936034,-0.006828836012514447,0.6409465419569557,25605.471286132644,25599.44921875,25773.71643992546,25768.380859375,25435.693625932647,25431.169921875,1,-1.0,0.0,0.00025697377944510294,2.0,4.234319813136051e-05,-4.234319813136051e-05,-0.00025697377944510294
2026-05-26,25599.44921875,0.0012889005116064585,-0.01059471036593042,0.007612839938745035,0.001521944365563285,-0.005243280375527316,-0.013337002642421353,0.6483183069778383,25632.444361944887,25328.23046875,25794.333728172373,25638.410156249996,25465.22412903702,25258.029296875,0,1.0,0.03707957674445958,-0.01059471036593042,2.0,0.00015700901975707293,-0.0005498563958559114,-0.01059471036593042
2026-05-27,25328.23046875,0.00140541199334232,-0.01271586315109422,0.006419981969936331,-0.0038553972708626908,-0.005786258630141161,-0.023727307119479915,0.6373408205464551,25363.827067620918,25006.16015625,25490.83725168977,25230.580078125,25181.674776613992,24727.259765625,0,1.0,0.03433520513661378,-0.01271586315109422,0.0,0.0,-0.0004366017697819282,-0.01271586315109422
2026-05-28,25006.16015625,0.003651288193443732,0.0070474822063375945,0.009691868050634279,0.012283770077279396,-0.004808885454434587,0.0019851358501194313,0.6615203220080981,25097.464853591875,25182.390625,25248.516560937405,25313.330078124996,24885.90839640335,25055.80078125,1,1.0,0.04038008050202452,0.0070474822063375945,0.0,0.0,0.0002845778988284974,0.0070474822063375945
2026-05-29,25182.390625,0.0010516252150173833,0.00856904595411104,0.009670511395161736,0.012086586422928224,-0.006510437839607013,-0.00032125003024807144,0.6362575564579448,25208.87306195567,25398.1796875,25425.917220496478,25486.759765625,25018.442236183233,25174.30078125,1,1.0,0.0340643891144862,0.00856904595411104,0.0,0.0,0.0002918993157207521,0.00856904595411104
2026-06-01,25398.1796875,-0.0005214393265243272,0.025204193090855736,0.006331639389242889,0.025469960168774397,-0.007123390586413808,-0.00013934315543652088,0.6439300565796067,25384.936077788803,26038.3203125,25558.991802424447,26045.0703125,25217.25853340202,25394.640625,0,-1.0,0.0,-0.025204193090855736,2.0,4.236237402594367e-05,-4.236237402594367e-05,0.025204193090855736
2026-06-02,26038.3203125,-0.002243139280709806,-0.015558199228600876,0.006371549143514966,-0.0032763460104623444,-0.007888143718016513,-0.01800696389486049,0.6605315048018621,25979.912733403326,25633.2109375,26204.22474998568,25953.009765625,25832.92629969925,25569.44921875,1,-1.0,0.0,0.015558199228600876,0.0,0.0,0.0,-0.015558199228600876
2026-06-03,25633.2109375,-0.0024367816706981206,-0.014817127194914069,0.004554023647819422,-0.005232317327588019,-0.010212322313534422,-0.01736775807508021,0.6307975327501208,25570.74839892636,25253.400390625,25749.945186278917,25499.08984375,25371.436325475435,25188.01953125,1,-1.0,0.0,0.014817127194914069,0.0,0.0,0.0,-0.014817127194914069
2026-06-04,25253.400390625,0.001599391314690925,-0.011541066445182468,0.007452113990644177,-0.0014738887654439483,-0.0062273388000309154,-0.012879840361844835,0.6185566062685443,25293.79045987618,24961.94921875,25441.591608987317,25216.1796875,25096.138910539747,24928.140625,0,1.0,0.029639151567136063,-0.011541066445182468,2.0,0.0001255986246364483,-0.00046766604225159967,-0.011541066445182468
2026-06-05,24961.94921875,-0.008482969255676227,-0.012214137173469808,-0.004483961414683369,-0.004966308877308416,-0.021074897492571486,-0.020167101208260887,0.7276361679636322,24750.19777096559,24657.060546875,24850.02080161784,24837.98046875,24435.878697750068,24458.5390625,1,-1.0,0.0,0.012214137173469808,2.0,4.240365844326498e-05,-4.240365844326498e-05,-0.012214137173469808
2026-06-08,24657.060546875,0.00034516393322985857,-0.0036971218072282953,0.008403710119879839,0.0033900976797736765,-0.006356481760816525,-0.006921746473004888,0.6343076944724669,24665.57127487525,24565.900390625,24864.271336119265,24740.650390625,24500.32839123344,24486.390625,0,1.0,0.03357692361811673,-0.0036971218072282953,2.0,0.0001424782361850813,-0.00026661621271325945,-0.0036971218072282953
2026-06-09,24565.900390625,-0.0017303181469931431,-0.006429214912280353,0.004218802449195265,-0.0024399452970131916,-0.010229906341631503,-0.014608505613209876,0.6342154190779994,24523.393567381878,24407.9609375,24669.539071359657,24505.9609375,24314.59353043106,24207.029296875,1,-1.0,0.0,0.006429214912280353,2.0,4.2442409968530916e-05,-4.2442409968530916e-05,-0.006429214912280353
2026-06-10,24407.9609375,-0.005461917891847801,-0.006500824686105551,0.000817581010543046,0.0034722277791665694,-0.01418608721683786,-0.016727780606929282,0.7226644183617911,24274.646658951948,24249.2890625,24427.916422868577,24492.7109375,24061.70747485545,23999.669921875,1,-1.0,0.0,0.006500824686105551,0.0,0.0,0.0,-0.006500824686105551
2026-06-11,24249.2890625,0.005680773485466785,0.019332960470168425,0.012838879436735567,0.021539613435832043,-0.001998746005506921,0.008091812614351775,0.6802617699962293,24387.043780847667,24718.099609375,24560.62276119999,24771.609375,24200.820892849948,24445.509765625004,1,1.0,0.045065442499057334,0.019332960470168425,2.0,0.00019141230947379651,0.0006798361089311271,0.019332960470168425
2026-06-12,24718.099609375,0.003353267678349935,0.0050396395543593235,0.008965579964743257,0.013342481277359779,-0.004294873260787046,0.0031637210429130286,0.6748580506164332,24800.98601386535,24842.669921875,24939.71170799934,25047.900390625,24611.938504305224,24796.30078125,1,1.0,0.043714512654108306,0.0050396395543593235,0.0,0.0,0.0002203053870711854,0.0050396395543593235
2026-06-15,24842.669921875,0.004593335712793359,-0.014037166867396044,0.010205031315037683,9.30071881269681e-05,-0.0029664593912318857,-0.018676755365229322,0.6603669527688916,24956.780644828286,24493.94921875,25096.19014637688,24844.980468749996,24768.975150381983,24378.689453125,0,1.0,0.04009173819222289,-0.014037166867396044,0.0,0.0,-0.0005627744190081878,-0.014037166867396044
2026-06-16,24493.94921875,-0.0006436572691194656,-0.007421794700253618,0.005636926586368861,0.002704350931057431,-0.009719129281470769,-0.009793394446428176,0.6340629595973447,24478.18351028591,24312.16015625,24632.019812306342,24560.189453125,24255.88935967919,24254.0703125,1,-1.0,0.0,0.007421794700253618,2.0,4.2449584567362066e-05,-4.2449584567362066e-05,-0.007421794700253618
2026-06-17,24312.16015625,-0.005974959055471188,-0.015932340313882923,0.0012887931068309426,-0.006124924946733671,-0.01391924560532383,-0.02312299352513443,0.7215446898623594,24166.89599476635,23924.810546875,24343.493500671542,24163.25,23973.75322783919,23749.990234375,1,-1.0,0.0,0.015932340313882923,0.0,0.0,0.0,-0.015932340313882923
2026-06-18,23924.810546875,0.0040125784720080075,-0.006532591567184399,0.010980711896393694,-0.002553817897754709,-0.003657093169648637,-0.020060813895878063,0.6377544889889943,24020.81072662226,23768.51953125,24187.521998666034,23863.7109375,23837.315285638884,23444.859375,0,1.0,0.034438622247248585,-0.006532591567184399,2.0,0.00014639120245757732,-0.00037136465573540245,-0.006532591567184399
2026-06-22,23768.51953125,0.001739048898637348,-0.018185408384678987,0.00733781823191212,0.002410373752966642,-0.007800248783260289,-0.02172573984660974,0.624123653067057,23809.85414896306,23336.279296875,23942.928607211965,23825.810546875,23583.11916569647,23252.130859375,0,1.0,0.031030913266764243,-0.018185408384678987,0.0,0.0,-0.0005643098303056608,-0.018185408384678987
2026-06-23,23336.279296875,0.0015411842543897431,0.0032524632422943254,0.007491287288576893,0.009828948772511283,-0.011946719989702568,-0.0037456766409932896,0.6857355035764358,23372.244803083384,23412.1796875,23511.09806933436,23565.650390625004,23057.487302513742,23248.869140625,1,1.0,0.04643387589410894,0.0032524632422943254,0.0,0.0,0.00015102447454284586,0.0032524632422943254
2026-06-24,23412.1796875,0.001092870017304752,-0.014320304035125948,0.006639642841926358,-0.001011426010566749,-0.007492233990107765,-0.018519840934823253,0.625496144171067,23437.76615672022,23076.91015625,23567.628198776005,23388.5,23236.770159062802,22978.58984375,0,1.0,0.031374036042766756,-0.014320304035125948,0.0,0.0,-0.0004492857349414197,-0.014320304035125948
2026-06-25,23076.91015625,0.0006219834495743705,-0.017552210348242774,0.007057609704775225,-0.0049594689226193185,-0.008828743521961679,-0.02421945366453786,0.6241864945840949,23091.263612434504,22671.859375,23239.777981324976,22962.4609375,22873.170035201114,22518.0,0,1.0,0.03104662364602373,-0.017552210348242774,0.0,0.0,-0.0005449368688377366,-0.017552210348242774
2026-06-26,22671.859375,0.002218430734284582,0.015650251998795314,0.011693468205808907,0.02255265165585917,-0.0086050072745974,0.004930396230459153,0.6494505296991094,22722.155324640877,23026.6796875,22936.972041768135,23183.169921875,22476.767860149474,22783.640625,1,1.0,0.03736263242477736,0.015650251998795314,0.0,0.0,0.0005847346127861265,0.015650251998795314
2026-06-29,23026.6796875,0.003969465060742713,-0.0063257125311501775,0.010806547997904311,0.0026130524544388896,-0.005080358861467079,-0.014832319167813152,0.6490471422892448,23118.083287984446,22881.01953125,23275.518606775335,23086.849609375004,22909.695891299445,22685.140625,0,1.0,0.03726178557231119,-0.0063257125311501775,0.0,0.0,-0.00023570734392779977,-0.0063257125311501775
2026-06-30,22881.01953125,0.004794051012575998,0.0076049830466402195,0.012550917790120263,0.019881124178217448,-0.0050710880819693745,0.0031764182273756173,0.6524303135228203,22990.71230610256,23055.029296875,23168.197326340854,23335.919921875,22764.98786580177,22953.69921875,1,1.0,0.03810757838070508,0.0076049830466402195,0.0,0.0,0.0002898074875337755,0.0076049830466402195
2026-07-02,23055.029296875,0.0009188801819841016,0.012795472788229588,0.008353407293900267,0.0200246946525276,-0.007588459095699244,0.007424407042423549,0.6474929231185624,23076.214106390962,23350.029296875,23247.6173467646,23516.69921875,22880.077150105517,23226.199218750004,1,1.0,0.03687323077964061,0.012795472788229588,0.0,0.0,0.0004718104210550011,0.012795472788229588
2026-07-03,23350.029296875,0.00026225031445098484,0.011404311842154239,0.006350397419874707,0.01441245515032561,-0.007261385602388034,-0.005166950155225146,0.6490763254487281,23356.152849400543,23616.3203125,23498.311262675874,23686.560546874996,23180.475730323335,23229.380859375,1,1.0,0.037269081362182016,0.011404311842154239,0.0,0.0,0.0004250282259249422,0.011404311842154239
2026-07-06,23616.3203125,0.0006895470288075228,-0.005057082810516695,0.009466960394234052,0.008663483839466152,-0.005965943478353331,-0.009233054869034226,0.6413511834351385,23632.60487600285,23496.890625,23839.895081555984,23820.919921875,23475.426680348937,23398.26953125,0,1.0,0.03533779585878463,-0.005057082810516695,0.0,0.0,-0.0001787061599990078,-0.005057082810516695
2026-07-07,23496.890625,-0.0008446311821756759,0.02990056530086095,0.006338515927673491,0.034644128445186564,-0.009618413264552017,0.001886635931216963,0.6297850513594648,23477.04441849395,24199.460937500004,23645.826040477365,24310.919921875,23270.887820536773,23541.220703125004,0,-1.0,0.0,-0.02990056530086095,2.0,4.2553529356610355e-05,-4.2553529356610355e-05,0.02990056530086095
2026-07-08,24199.4609375,-0.00338813798103921,-0.006995248796541504,0.011415205201364296,0.0063761266634619635,-0.009981156098474926,-0.011658963219415721,0.6913655816709274,24117.46982477698,24030.1796875,24475.70274986396,24353.759765624996,23957.922340383866,23917.3203125,1,-1.0,0.0,0.006995248796541504,0.0,0.0,0.0,-0.006995248796541504
2026-07-09,24030.1796875,0.0038707223925326215,0.006031559272958516,0.012539919874332684,0.01953589935572553,-0.002773115389452977,0.0014331750146219127,0.6825343036391109,24123.193842112993,24175.119140625,24331.51621534707,24499.630859375,23963.541226397272,24064.619140625,1,1.0,0.045633575909777735,0.006031559272958516,2.0,0.00019392836972681034,8.131324821006588e-05,0.006031559272958516
2026-07-10,24175.119140625,0.0010667207080459124,0.001596747559979224,0.008991176173097543,0.011360870199951347,-0.005384389026768527,-0.0032838999226105807,0.6691557635306544,24200.90724083178,24213.720703125,24392.481895823985,24449.769531249996,24044.9508944034,24095.73046875,1,1.0,0.042288940882663606,0.001596747559979224,0.0,0.0,6.752476316849876e-05,0.001596747559979224
2026-07-13,24213.720703125,-0.005398356314147281,0.005245363452491142,0.0020559674520446384,0.009203846766566444,-0.013891409818560007,-0.012871624551066049,0.6964921199312728,24083.006411078284,24340.73046875,24263.503324783524,24436.580078125,23877.35798560574,23902.05078125,0,-1.0,0.0,-0.005245363452491142,2.0,4.247793392579508e-05,-4.247793392579508e-05,0.005245363452491142
2026-07-14,24340.73046875,0.0014959677782647232,0.013983522025437366,0.010079190728624,0.01783468970076038,-0.00538645294233193,0.00446982592673963,0.6589662346275617,24377.143417230676,24681.099609375,24586.06533361856,24774.83984375,24209.620269498093,24449.529296875004,1,1.0,0.03974155865689041,0.013983522025437366,2.0,0.00016876254506481323,0.00038696441573902486,0.013983522025437366
2026-07-15,24681.099609375,0.0009058798155502976,0.013269262925206164,0.00777236323452832,0.021892859406667377,-0.005175342031452967,0.005831179491708412,0.6695760642524078,24703.45771933672,25008.599609375004,24872.93008056664,25221.439453125,24553.366477184125,24825.019531249996,1,1.0,0.04239401606310195,0.013269262925206164,0.0,0.0,0.0005625373455967132,0.013269262925206164
2026-07-16,25008.599609375,-0.002328524238036811,-0.017848235485871538,0.00423872399862945,0.0063162648035992,-0.009745254504580483,-0.0270342943751458,0.6905625221672181,24950.36647902521,24562.240234375,25114.604160711373,25166.560546875,24764.884441378486,24332.509765625,1,-1.0,0.0,0.017848235485871538,2.0,4.239917472138295e-05,-4.239917472138295e-05,-0.017848235485871538
2026-07-17,24562.240234375,0.00014120181622812717,0.023646480994113567,0.009135427370288569,0.024155392228623285,-0.011838515593384615,0.007903152919794714,0.7237014434874679,24565.708467306726,25143.050781249996,24786.626796087712,25155.55078125,24271.459770351892,24756.359375000004,1,1.0,0.055925360871866975,0.023646480994113567,2.0,0.00023736274481948546,0.0010850752381260595,0.023646480994113567
2026-07-20,25143.05078125,-0.0005469611445778611,-0.00042801960842497953,0.005589414090731342,0.004398814222555592,-0.00850035517508435,-0.006031891577894675,0.6540216720566117,25129.29850941651,25132.2890625,25283.58570357069,25253.650390624996,24929.325919424195,24991.390625,1,-1.0,0.0,0.00042801960842497953,2.0,4.238634525786123e-05,-4.238634525786123e-05,-0.00042801960842497953
2026-07-21,25132.2890625,0.00319640196709819,-0.0095347027743506,0.010276597346589289,-0.0036614066876742538,-0.002872950082402419,-0.013139611549261361,0.6645444534255674,25212.621960697055,24892.66015625,25390.5634775934,25040.26953125,25060.085250566928,24802.060546875,0,1.0,0.04113611335639186,-0.0095347027743506,2.0,0.00017436515378137495,-0.0005665857679265652,-0.0095347027743506
2026-07-22,24892.66015625,0.0005492649496812552,0.012780891581212522,0.0062961619356453205,0.015053853882945226,-0.007020797590547499,-0.0006359335653817383,0.6372056895071492,24906.332821978154,25210.810546874996,25049.38837560274,25267.390625,24717.89382780268,24876.830078125,1,1.0,0.034301422376787294,0.012780891581212522,0.0,0.0,0.0004384027604790955,0.012780891581212522
2026-07-23,25210.810546875,-0.00793125162105829,-0.009820393424664751,-0.0007950335568632977,-0.00711879940517209,-0.016015068013911202,-0.01579919638578905,0.7580231007186267,25010.857264856902,24963.23046875,25190.767106494513,25031.33984375,24807.057701280966,24812.5,1,-1.0,0.0,0.009820393424664751,2.0,4.2379931414281215e-05,-4.2379931414281215e-05,-0.009820393424664751
2026-07-24,24963.23046875,-0.0003535950185270105,0.009772341726980636,0.005489956735674541,0.012567703092063374,-0.008228423675153054,-0.0009970915034878643,0.6120894403509589,24954.403594809908,25207.1796875,25100.27752400611,25276.960937500004,24757.822432152636,24938.33984375,0,-1.0,0.0,-0.009772341726980636,0.0,0.0,-0.0,0.009772341726980636
2026-07-27,25207.1796875,-0.000976639967786562,0.004112714042595131,0.004881550001122552,0.009263233844276138,-0.008236966319796127,-0.005448054079334416,0.6110787400809907,25182.56134834201,25310.849609375,25330.229795531814,25440.6796875,24999.548997397014,25069.849609375,0,-1.0,0.0,-0.004112714042595131,0.0,0.0,-0.0,0.004112714042595131
2026-07-28,25310.849609375,0.00029787008744065464,0.019638626129558603,0.006568103145553098,0.019678520706018256,-0.006338029582308005,0.006965809113325676,0.6359072709206288,25318.388954361344,25807.919921875004,25477.093880310957,25808.929687499996,25150.428695797433,25487.160156250004,1,1.0,0.033976817730157205,0.019638626129558603,2.0,0.00014396156026797,0.0005232964602067454,0.019638626129558603
2026-07-29,25807.919921875,-0.007138271246058573,0.0019746239779985172,0.00012548632859312364,0.006343437905711932,-0.015552657064887952,-0.005835024450085915,0.7153840653904999,25623.695989176096,25858.880859375,25811.15846299462,25971.630859375,25406.538193771987,25657.330078125,0,-1.0,0.0,-0.0019746239779985172,2.0,4.232486772206479e-05,-4.232486772206479e-05,0.0019746239779985172
2026-07-30,25858.880859375,0.0028951820037900044,0.00098800981619966,0.009802829238015886,0.0022552545754839573,-0.003007617406615469,-0.009124947780346558,0.6803316763785855,25933.74702587721,25884.4296875,26112.37105272565,25917.19921875,25781.10723918675,25622.919921875,1,1.0,0.04508291909464637,0.00098800981619966,2.0,0.00019079220311363215,-0.00014624983650518645,0.00098800981619966
2026-07-31,25884.4296875,0.002211689062292522,0.004828026139024818,0.008360097842475007,0.009637112924124572,-0.003414799222448051,-0.002808230816849053,0.6861180786211197,25941.677997523522,26009.400390625,26100.826052284163,26133.880859375,25796.039557129614,25811.740234375,1,1.0,0.04652951965527993,0.004828026139024818,0.0,0.0,0.00022464573713196055,0.004828026139024818
2026-08-03,26009.400390625,0.0007447589404344351,-0.006016304351499116,0.00821079156808526,0.006850212584647693,-0.005942579169699185,-0.009279772870580972,0.6789519255022279,26028.771124101255,25852.919921875,26222.9581560433,26187.5703125,25854.837469647304,25768.0390625,0,1.0,0.044737981375556984,-0.006016304351499116,0.0,0.0,-0.00026915731202704993,-0.006016304351499116
2026-08-04,25852.919921875,0.0011481447281241294,0.0024330091461652625,0.007957050478445422,0.004681077867247073,-0.005863728153503606,-0.004760025066680164,0.6914629905534688,25882.602815589915,25915.8203125,26058.632910708566,25973.939453125,25701.325427478827,25729.859375,1,1.0,0.047865747638367206,0.0024330091461652625,0.0,0.0,0.00011645780179218573,0.0024330091461652625
2026-08-05,25915.8203125,0.0010723161438994855,-0.014876666490816872,0.0058952991716484235,-0.0095956710804965,-0.006533133169333111,-0.020311932413387697,0.6155846823236116,25943.61026500349,25530.279296875,26068.60182652087,25667.140625,25746.50880720593,25389.419921875,0,1.0,0.028896170580902908,-0.014876666490816872,0.0,0.0,-0.0004298786925938466,-0.014876666490816872
2026-08-06,25530.279296875,0.0010482650342023263,0.005395553977228173,0.00601541756892221,0.0054539252295623545,-0.005443909972752888,-0.005371991269863917,0.6080388706164473,25557.041795975332,25668.029296875,25683.854587496913,25669.519531250004,25391.294754803574,25393.130859375,1,1.0,0.027009717654111837,0.005395553977228173,0.0,0.0,0.00014573238951245314,0.005395553977228173
2026-08-07,25668.029296875,-0.000924714303754056,0.010497920755170947,0.006891305315005571,0.011287220369515183,-0.005727778372566648,0.00204268274819927,0.61204795455333,25644.293703035,25937.490234375,25844.91552359427,25957.75,25521.008513801953,25720.460937499996,0,-1.0,0.0,-0.010497920755170947,2.0,4.2337538238952565e-05,-4.2337538238952565e-05,0.010497920755170947
2026-08-10,25937.490234375,-0.0017829893633516795,-0.010975230035854683,0.004197297945893957,0.004735619252868695,-0.007673819806793575,-0.011174175893891527,0.619107997694983,25891.243965175072,25652.8203125,26046.357608857386,26060.3203125,25738.45060807594,25647.66015625,1,-1.0,0.0,0.010975230035854683,0.0,0.0,0.0,-0.010975230035854683
2026-08-11,25652.8203125,-3.7383037078024825e-05,-0.008289552105168747,0.004782131252916358,-0.006019988664745379,-0.008010160074170325,-0.012844210903954578,0.6174870891954479,25651.861332167104,25440.169921875,25775.495466241853,25498.390625,25447.337115442948,25323.330078125,1,-1.0,0.0,0.008289552105168747,0.0,0.0,0.0,-0.008289552105168747
2026-08-12,25440.169921875,0.0009314245482912973,-0.0017161896474778792,0.007186242298187195,0.0031140005498501502,-0.004734190346274079,-0.005978718296382743,0.6150019390615464,25463.865520652933,25396.509765625,25622.989147040647,25519.390625000004,25319.731315023288,25288.0703125,0,1.0,0.028750484765386608,-0.0017161896474778792,2.0,0.0001217826684797093,-0.0001711239527940363,-0.0017161896474778792
2026-08-13,25396.509765625,-9.076510005242101e-05,-0.0110117555062046,0.007334465491055928,-0.003333150555182864,-0.005580845400611328,-0.01210281032557608,0.6260264476809918,25394.20464887514,25116.849609375,25582.77959009424,25311.859375,25254.77577090793,25089.140625,1,-1.0,0.0,0.0110117555062046,2.0,4.2362529361464154e-05,-4.2362529361464154e-05,-0.0110117555062046
2026-08-14,25116.849609375,0.0005925096903794885,0.013392637397066073,0.005063399867735213,0.018370931428548766,-0.006997091106936538,0.007427704898362941,0.6319471898465866,25131.731586160357,25453.23046875,25244.026262365034,25578.26953125,24941.10472433898,25303.410156249996,1,1.0,0.03298679746164665,0.013392637397066073,2.0,0.0001398271902386742,0.0003019530270556189,0.013392637397066073
2026-08-17,25453.23046875,-0.002284837196767916,0.0007040333012739205,0.002549559378330024,0.002545799764181456,-0.008638126718996799,-0.008353019408912823,0.6245318786254882,25395.073980997095,25471.150390625004,25518.124991200395,25518.029296875004,25233.36223855311,25240.619140625,0,-1.0,0.0,-0.0007040333012739205,2.0,4.2357264633802164e-05,-4.2357264633802164e-05,0.0007040333012739205
2026-08-18,25471.150390625,-0.0044603167086889415,0.0009390986079609522,0.0031018633843959142,0.002592700427237341,-0.009466388958662215,-0.006117904991929825,0.6284891172076197,25357.540992948165,25495.0703125,25550.158419380125,25537.189453124996,25230.03057380276,25315.3203125,0,-1.0,0.0,-0.0009390986079609522,0.0,0.0,-0.0,0.0009390986079609522
2026-08-19,25495.0703125,0.001133502780179152,0.007978794307355375,0.007254488717327414,0.013643415746120038,-0.005173114167942022,0.005386151550744032,0.6294071725492839,25523.96904558008,25698.490234375004,25680.024012429498,25842.91015625,25363.181403053728,25632.390625,1,1.0,0.03235179313732098,0.007978794307355375,2.0,0.00013702083105050227,0.00012110747186629305,0.007978794307355375
2026-08-20,25698.490234375,-0.004260937208823698,0.012100738225821419,0.001936111474854529,0.012100738225821419,-0.009757368070087497,0.004246130400261385,0.6427649118351227,25588.99058112476,26009.4609375,25748.245376204213,26009.4609375,25447.740606312655,25807.609375,0,-1.0,0.0,-0.012100738225821419,2.0,4.233476750784925e-05,-4.233476750784925e-05,0.012100738225821419
2026-08-21,26009.4609375,0.0002988168530882705,-0.01892122487880762,0.006571194867243031,-0.008817629762727566,-0.004594013914598815,-0.022242732587390825,0.6329926058819663,26017.233002767865,25517.330078125,26180.374173712262,25780.119140625,25889.973112041913,25430.939453125,0,1.0,0.033248151470491566,-0.01892122487880762,2.0,0.00014066246529590475,-0.0007697582160737339,-0.01892122487880762
2026-08-24,25517.330078125,-0.0014876904596492163,-0.0002441661698510196,0.004645474323745411,0.00624828117349476,-0.007950526711582657,-0.004463265735533748,0.6288934029038703,25479.368189612054,25511.099609375,25635.870179813464,25676.76953125,25314.453863730596,25403.439453125,1,-1.0,0.0,0.0002441661698510196,2.0,4.2351343178001046e-05,-4.2351343178001046e-05,-0.0002441661698510196
2026-08-25,25511.099609375,0.0005553448216922945,0.005561151652509098,0.00645732469687421,0.01133314902834497,-0.00534761326704133,0.00410957760956226,0.6216304016993413,25525.267066438744,25652.970703125,25675.833062927035,25800.220703125,25374.676114647093,25615.939453125,1,1.0,0.030407600424835313,0.005561151652509098,2.0,0.0001287820182639979,4.031925908741136e-05,0.005561151652509098
2026-08-26,25652.970703125,-0.0004560242291619943,-0.0034004041777264313,0.004513145943560033,0.005419998490976428,-0.006753582034789519,-0.005925620365148682,0.6049487309288107,25641.27232693439,25565.740234375,25768.746303794076,25792.009765625,25479.721261045393,25500.9609375,1,-1.0,0.0,0.0034004041777264313,2.0,4.233891040123049e-05,-4.233891040123049e-05,-0.0034004041777264313
2026-08-27,25565.740234375,0.004423568745136715,0.0007450919844435978,0.008978781593212023,0.0052159494758419606,-0.0029186653813797142,-0.006073725831971635,0.646284197874584,25678.83204382206,25584.7890625,25795.289432208247,25699.08984375,25491.12239340358,25410.4609375,1,1.0,0.036571049468646005,0.0007450919844435978,2.0,0.00015486702375016112,-0.00012761822792838268,0.0007450919844435978
2026-08-28,25584.7890625,-0.0013473004915434807,-0.0006956800809074483,0.004265041038720472,-0.0006956800809074483,-0.007635874095554895,-0.011495096115764585,0.6198231144891237,25550.318663620055,25566.990234375,25693.909237818567,25566.990234375,25389.42683445742,25290.689453125,1,-1.0,0.0,0.0006956800809074483,2.0,4.2345143430865446e-05,-4.2345143430865446e-05,-0.0006956800809074483
2026-08-31,25566.990234375,-0.0018007429904681074,-0.009279925538752018,0.006033442657935429,-0.0034423201486841514,-0.00826124607546889,-0.012781755405281422,0.6308485659593934,25520.950655923083,25329.73046875,25721.247203890096,25478.98046875,25355.77503663972,25240.19921875,1,-1.0,0.0,0.009279925538752018,0.0,0.0,0.0,-0.009279925538752018
2026-09-01,25329.73046875,-0.0033133827239103762,-0.0007311381095368569,0.002918544700793966,-0.0007311381095368569,-0.00974715461636628,-0.012667380275556254,0.71071112960734,25245.803377413537,25311.2109375,25403.65641938211,25311.2109375,25082.83766948021,25008.869140625,1,-1.0,0.0,0.0007311381095368569,0.0,0.0,0.0,-0.0007311381095368569
2026-09-02,25311.2109375,0.0016460583776638574,-0.00386786672778089,0.007900314947174391,0.008965965859372468,-0.004414852875151112,-0.005959022604546219,0.6350329557111656,25352.87466831249,25213.310546875,25511.177475600616,25538.150390624996,25199.465665119023,25160.380859375,0,1.0,0.033758238927791395,-0.00386786672778089,2.0,0.00014303531616981357,-0.0002736076853070955,-0.00386786672778089
2026-09-03,25213.310546875,0.005609632896400058,0.01735426979874454,0.0104214889194298,0.02292718805907253,-0.0028773266048883646,0.011994842443944113,0.6771088838325998,25354.747963145903,25650.869140625,25476.0707833614,25791.380859374996,25140.763617641165,25515.740234375004,1,1.0,0.044277220958149954,0.01735426979874454,0.0,0.0,0.0007683988384463606,0.01735426979874454
2026-09-04,25650.869140625,-0.0015699189952474311,-0.009268691781810208,0.004274441228963187,0.0005501306036703039,-0.007714812654420501,-0.011223349598671158,0.6500376858097379,25610.59935391653,25413.119140625,25760.51227323843,25664.98046875,25452.97749078202,25362.98046875,1,-1.0,0.0,0.009268691781810208,2.0,4.233910202695526e-05,-4.233910202695526e-05,-0.009268691781810208
2026-09-07,25413.119140625,-0.0006020583442860585,-0.003775193930115912,0.003982686430517937,-0.0007287390086797719,-0.008158926997768047,-0.007375312194573469,0.6445192764255097,25397.81896019205,25317.1796875,25514.331625383504,25394.599609375,25205.775356771057,25225.689453125,1,-1.0,0.0,0.003775193930115912,0.0,0.0,0.0,-0.003775193930115912
2026-09-08,25317.1796875,-0.0015052663265686954,-0.0016675929357504585,0.004129203548944319,0.0007244031118938196,-0.007606156216427526,-0.0061424600822255395,0.6281915476398034,25279.07058943272,25274.9609375,25421.71947571489,25335.51953125,25124.61326383751,25161.669921875,1,-1.0,0.0,0.0016675929357504585,0.0,0.0,0.0,-0.0016675929357504585
2026-09-09,25274.9609375,-0.0016493175808451096,-0.01268014756452084,0.003901378737815501,-0.01001585684943257,-0.007964366770594514,-0.015245139782918804,0.6230883943687261,25233.27450007061,24954.470703125,25373.56813270068,25021.810546875,25073.6618784813,24889.640625,1,-1.0,0.0,0.01268014756452084,0.0,0.0,0.0,-0.01268014756452084
2026-09-10,24954.470703125,-0.0017041302036039435,-0.005964456049607218,0.0031466746531414068,-0.00413917878098152,-0.008357757334315784,-0.015397259806511687,0.6909548491170214,24911.945035884855,24805.630859375,25032.994303569085,24851.1796875,24745.90729258199,24570.240234375,1,-1.0,0.0,0.005964456049607218,0.0,0.0,0.0,-0.005964456049607218
2026-09-11,24805.630859375,0.0038760740109180657,0.004513844079788147,0.009763687481242667,0.004862177288847991,-0.0024228545100899697,-0.005785842947862691,0.6694437981746637,24901.77932047345,24917.599609374996,25047.825286861003,24926.240234375,24745.530424771736,24662.109375,1,1.0,0.04236094954366593,0.004513844079788147,2.0,0.00017969008857150466,1.1520632740376178e-05,0.004513844079788147
2026-09-14,24917.599609375,-0.0022313124852563295,-0.010047491689600983,0.002582046565220575,0.0006606148970226945,-0.008775222422318185,-0.01045806369133388,0.6653427178003565,24862.000658263983,24667.240234375,24981.93801185993,24934.060546875,24698.942130572465,24657.009765625,1,-1.0,0.0,0.010047491689600983,2.0,4.240793659664656e-05,-4.240793659664656e-05,-0.010047491689600983
2026-09-15,24667.240234375,0.0012076608958623242,0.0018866748796302535,0.005139708960671501,0.004972989305226512,-0.007745667744558918,-0.003749516909723462,0.651776663745683,24697.029895814892,24713.779296875,24794.022670042654,24789.910156250004,24476.175987344315,24574.75,1,1.0,0.03794416593642075,0.0018866748796302535,2.0,0.0001610061111202321,-8.941780641946511e-05,0.0018866748796302535
2026-09-16,24713.779296875,-0.0010167311490911959,-0.004430331478635677,0.00389841607792332,-0.004355016080588266,-0.008379843458990975,-0.014408554817636764,0.656798982667218,24688.652027652104,24604.2890625,24810.123891432188,24606.150390625,24506.681695087136,24357.689453125,1,-1.0,0.0,0.004430331478635677,2.0,4.242779541239922e-05,-4.242779541239922e-05,-0.004430331478635677
2026-09-17,24604.2890625,0.0042230476386615114,0.005953849509851084,0.01033138891933925,0.010514077671290162,-0.0024426680676962243,0.004049328924803189,0.6890034186833608,24708.194147326336,24750.779296874996,24858.485541888534,24862.98046875,24544.188951278666,24703.919921875,1,1.0,0.0472508546708402,0.005953849509851084,2.0,0.00020052600839545853,8.079846952656819e-05,0.005953849509851084
2026-09-18,24750.779296875,0.0025136447203117813,0.011794846421739088,0.007720179098194398,0.011794846421739088,-0.004334085423298699,-0.0005599571162492595,0.6516461795374523,24812.99396257819,25042.710937499996,24941.859745866757,25042.710937499996,24643.50730510913,24736.919921875,1,1.0,0.037911544884363074,0.011794846421739088,0.0,0.0,0.0004471608495219306,0.011794846421739088
2026-09-21,25042.7109375,0.0006586093319552356,0.0017984898924244112,0.007958089985084776,0.008441515698024656,-0.0050938322721207335,3.712407583668776e-05,0.6667535736900556,25059.20430062089,25087.75,25242.003084611093,25254.109375,24915.14756834517,25043.640625000004,1,1.0,0.0416883934225139,0.0017984898924244112,0.0,0.0,7.497615420180356e-05,0.0017984898924244112
2026-09-22,25087.75,0.0003412745931757004,-0.01010974915546432,0.005786697676688474,-0.0006178314117447759,-0.004972460488248471,-0.010997414699405088,0.6322135074566092,25096.311811674943,24834.119140625,25232.92522463834,25072.25,24963.002154385944,24811.849609375,0,1.0,0.0330533768641523,-0.01010974915546432,0.0,0.0,-0.0003341613488376076,-0.01010974915546432
2026-09-23,24834.119140625,-0.0034158529931957327,-0.0029390324189353593,0.0020961644374079655,-0.0017282643137839046,-0.009640395163611112,-0.0074828536125128384,0.6511598423696503,24749.289440425116,24761.130859375,24886.17553800193,24791.19921875,24594.708418569175,24648.2890625,1,-1.0,0.0,0.0029390324189353593,2.0,4.241603093148767e-05,-4.241603093148767e-05,-0.0029390324189353593
2026-09-24,24761.130859375,-0.0011618833252868767,-0.010138511728350705,0.003887424385729648,-0.009046042187939625,-0.00675266403164199,-0.019610183204381175,0.6340041867340166,24732.361314314247,24510.08984375,24857.387883295978,24537.140625,24593.927261638117,24275.560546875,1,-1.0,0.0,0.010138511728350705,0.0,0.0,0.0,-0.010138511728350705
2026-09-25,24510.08984375,0.0017894514305383648,0.005402669786980266,0.007943635429395366,0.01049081668056666,-0.004036561205549793,0.0018151803872862946,0.6359605054847476,24553.94945908352,24642.509765625,24704.789061810476,24767.220703125,24411.15336594218,24554.580078125,1,1.0,0.033990126371186896,0.005402669786980266,2.0,0.00014428119135441304,3.935623744683961e-05,0.005402669786980266
2026-09-28,24642.509765625,-0.004284154338461347,-0.004826596570569864,0.002124381789960267,0.00024879200346517564,-0.009920599741745037,-0.008049479411253023,0.6993523378367082,24536.937450502024,24523.5703125,24694.859864630012,24648.640625000004,24398.04128960819,24444.150390625,1,-1.0,0.0,0.004826596570569864,2.0,4.2434816931013126e-05,-4.2434816931013126e-05,-0.004826596570569864
2026-09-29,24523.5703125,0.0006299237552980717,0.003657673723971549,0.004914989051907982,0.004651854386261686,-0.006454056151212868,-0.007785558345176213,0.641825936261827,24539.018292004566,24613.26953125,24644.103392099634,24637.650390625,24365.293812674907,24332.640625,1,1.0,0.03545648406545676,0.003657673723971549,2.0,0.00015050081115491326,-2.081256104427613e-05,0.003657673723971549
2026-09-30,24613.26953125,-0.0007187765482488756,-0.026042069215395595,0.004582832185748046,-0.020864317186629355,-0.007632809603601573,-0.030387651351048095,0.6416221164113569,24595.578090335206,23972.2890625,24726.0680150543,24099.73046875,24425.401131195842,23865.330078125,1,-1.0,0.0,0.026042069215395595,2.0,4.24377094608996e-05,-4.24377094608996e-05,-0.026042069215395595
2026-10-02,23972.2890625,0.00472051117804253,0.002838726876377119,0.00911208640644243,0.002838726876377119,-0.002358450663554228,-0.00569863706564839,0.652715225980036,24085.4505209828,24040.339843750004,24190.726631797716,24040.339843750004,23915.751601453634,23835.6796875,1,1.0,0.03817880649500899,0.002838726876377119,2.0,0.0001622709608693,-5.3891756763916685e-05,0.002838726876377119
2026-10-05,24040.33984375,0.000913416574308901,0.009992400468808369,0.007643006479461817,0.013051792665550595,-0.004543196198037945,0.0057836543297098125,0.6415752719589947,24062.2986886153,24280.560546875,24224.080316944248,24354.109375000004,23931.119863172335,24179.380859375,1,1.0,0.035393817989748666,0.009992400468808369,0.0,0.0,0.00035366920347368265,0.009992400468808369
2026-10-06,24280.560546875,0.0022441915948959294,-0.0061802752282139285,0.007789624311440959,-0.0005617920135602306,-0.0038641612392038126,-0.008613902888330083,0.6440939489388694,24335.050776773656,24130.5,24469.696991606354,24266.919921875,24186.736545943622,24071.41015625,0,1.0,0.03602348723471735,-0.0061802752282139285,0.0,0.0,-0.0002226350657906043,-0.0061802752282139285
