signal_date,direction,confidence_score,worth_trading,reason,last_close,entry_price,pred_low,pred_high,pred_close,data_source,is_stale,risk_reward_ratio
2026-10-05,LONG,0.683,False,預測波幅太細 (0.02% < 0.30%)，扣除成本後無意義,23869.0,23803.0,23737.0,24071.9,23873.6,yfinance,False,1.07
2026-10-05,SHORT,0.6298,False,信號不明，建議觀望,24040.3,,23862.9,24131.9,24002.9,yfinance,False,
2026-10-06,SHORT,0.6278,False,信號不明，建議觀望,24333.9,,24221.9,24510.1,24365.9,yfinance,False,
2026-10-06,SHORT,0.6294,False,信號不明，建議觀望,24280.6,24280.6,24128.1,24423.5,24278.2,yfinance,False,0.02
2026-10-05,SHORT,0.6267,False,信號不明，建議觀望,24040.3,24040.3,23931.8,24221.8,24021.0,yfinance,False,0.18
2026-10-07,SHORT,0.6406,False,信號不明，建議觀望,24130.5,24130.5,23927.1,24221.6,24106.3,yfinance,False,0.12
2026-10-06,LONG,0.6411,False,信號不明，建議觀望,24280.6,24280.6,24187.2,24466.6,24301.5,yfinance,False,0.22
2026-10-06,LONG,0.6411,False,信號不明，建議觀望,24280.6,24280.6,24187.2,24466.6,24291.9,yfinance,False,0.12
2026-10-07,SHORT,0.6349,False,信號不明，建議觀望,24130.5,24130.5,23943.1,24242.8,24108.5,yfinance,False,0.12
2026-10-07,SHORT,0.6867,False,信號不明，建議觀望,24130.5,24130.5,23934.2,24226.4,24084.2,yfinance,False,0.24
2026-10-08,LONG,0.6376,False,信號不明，建議觀望,23785.8,23785.8,23587.8,23903.9,23791.4,yfinance,False,0.03
2026-10-08,SHORT,0.6441,False,信號不明，建議觀望,23785.8,23785.8,23585.8,23898.2,23782.4,yfinance,False,0.02
2026-10-08,SHORT,0.6422,False,信號不明，建議觀望,23785.8,23785.8,23585.8,23898.2,23785.2,yfinance,False,0.0
2026-10-07,SHORT,0.6433,False,信號不明，建議觀望,24130.5,24130.5,23934.2,24232.3,24084.1,yfinance,False,0.24
